 Place,Grade,Time,Year
1,Sr ,16:50,2007
2,Fr ,16:56,2007
3,Jr,16:59,2007
4,Sr,17:18,2007
5,So,17:19,2007
6,Jr,17:23,2007
7,Jr,17:24,2007
8,So,17:27,2007
9,Sr,17:28,2007
10,Jr,17:29,2007
11,Sr,17:31,2007
12,Sr,17:31,2007
13,So,17:32,2007
14,Fr,17:32,2007
15,Jr,17:32,2007
16,So,17:33,2007
17,Sr ,17:34,2007
18,Sr,17:35,2007
19,So,17:35,2007
20,Jr,17:36,2007
21,Sr,17:36,2007
22,Sr,17:36,2007
23,So,17:37,2007
24,So,17:41,2007
25,So,17:42,2007
26,So,17:42,2007
27,Fr,17:44,2007
28,Jr,17:44,2007
29,Jr,17:47,2007
30,Fr,17:49,2007
31,So,17:51,2007
32,Jr,17:52,2007
33,Fr,17:54,2007
34,Sr,17:55,2007
35,Sr,17:55,2007
36,Fr,17:57,2007
37,Fr,17:57,2007
38,Fr,17:58,2007
39,So,18:02,2007
40,Jr,18:06,2007
41,So,18:07,2007
42,Sr,18:08,2007
43,Fr,18:09,2007
44,Sr,18:10,2007
45,Jr,18:10,2007
46,Sr,18:10,2007
47,Fr,18:10,2007
48,So,18:13,2007
49,Sr,18:13,2007
50,Sr,18:14,2007
51,Jr,18:16,2007
52,Jr,18:16,2007
53,Sr,18:17,2007
54,So,18:17,2007
55,Jr,18:17,2007
56,Jr,18:19,2007
57,Sr,18:21,2007
58,So,18:21,2007
59,Fr,18:22,2007
60,Jr,18:22,2007
61,Jr,18:23,2007
62,Fr,18:24,2007
63,So,18:24,2007
64,Jr,18:27,2007
65,So,18:27,2007
66,So,18:27,2007
67,Fr,18:29,2007
68,Jr,18:30,2007
69,So,18:31,2007
70,Jr,18:32,2007
71,Jr,18:32,2007
72,Fr,18:32,2007
73,So,18:33,2007
74,Jr,18:33,2007
75,Fr,18:34,2007
76,Sr,18:35,2007
77,Fr,18:35,2007
78,Sr,18:35,2007
79,Jr,18:35,2007
80,Jr,18:36,2007
81,Fr,18:38,2007
82,Fr,18:38,2007
83,Sr,18:38,2007
84,Jr,18:39,2007
85,Fr,18:39,2007
86,Sr,18:40,2007
87,So,18:42,2007
88,Fr,18:43,2007
89,So,18:43,2007
90,So,18:43,2007
91,Fr,18:44,2007
92,Jr,18:45,2007
93,Sr,18:46,2007
94,Jr,18:48,2007
95,Fr,18:48,2007
96,Jr,18:48,2007
97,Jr,18:49,2007
98,Jr,18:49,2007
99,Jr,18:50,2007
100,So,18:51,2007
101,Jr,18:52,2007
102,Jr,18:53,2007
103,Fr,18:53,2007
104,So,18:53,2007
105,Fr,18:53,2007
106,Fr,18:53,2007
107,Sr,18:54,2007
108,So,18:54,2007
109,Sr,18:54,2007
110,Jr,18:54,2007
111,Jr,18:55,2007
112,Sr,18:56,2007
113,Jr,18:57,2007
114,So,18:59,2007
115,So,18:59,2007
116,Fr,18:59,2007
117,So,18:59,2007
118,Sr,18:59,2007
119,Sr,18:59,2007
120,Jr,19:00,2007
121,Jr,19:00,2007
122,Jr,19:00,2007
123,So,19:01,2007
124,Sr,19:02,2007
125,Jr,19:02,2007
126,So,19:04,2007
127,So,19:07,2007
128,Jr,19:09,2007
129,So,19:10,2007
130,Jr,19:10,2007
131,So,19:11,2007
132,Jr,19:11,2007
133,So,19:12,2007
134,Sr,19:13,2007
135,Fr,19:13,2007
136,Sr,19:14,2007
137,So,19:15,2007
138,Fr,19:15,2007
139,So,19:19,2007
140,Fr,19:20,2007
141,Jr,19:20,2007
142,So,19:21,2007
143,Fr,19:23,2007
144,Fr,19:24,2007
145,Jr,19:24,2007
146,So,19:24,2007
147,So,19:24,2007
148,So,19:25,2007
149,Jr,19:25,2007
150,So,19:28,2007
151,Jr,19:29,2007
152,Sr,19:30,2007
153,So,19:30,2007
154,Fr,19:30,2007
155,Sr,19:31,2007
156,Fr,19:33,2007
157,Jr,19:37,2007
158,Jr,19:44,2007
159,Jr,19:46,2007
160,Fr,19:51,2007
161,Jr,19:51,2007
162,So,20:22,2007
163,Sr,20:26,2007
164,Sr,20:37,2007
165,Sr,20:51,2007
166,So,21:01,2007
167,Jr,21:24,2007
168,Jr,21:50,2007
1,Sr,16:54,2008
2,So,17:07,2008
3,Sr,17:08,2008
4,So,17:10,2008
5,So,17:12,2008
6,Sr,17:17,2008
7,Sr,17:20,2008
8,So,17:23,2008
9,So,17:24,2008
10,Jr,17:25,2008
11,Jr,17:26,2008
12,Jr,17:28,2008
13,Jr,17:28,2008
14,So,17:28,2008
15,Fr,17:30,2008
16,Jr,17:31,2008
17,Jr,17:33,2008
18,Jr,17:35,2008
19,Jr,17:36,2008
20,Jr,17:36,2008
21,Jr,17:38,2008
22,Sr,17:39,2008
23,Sr,17:39,2008
24,Jr,17:40,2008
25,Jr,17:40,2008
26,So,17:42,2008
27,Jr,17:47,2008
28,Jr,17:48,2008
29,So,17:50,2008
30,So,17:51,2008
31,So,17:52,2008
32,Sr,17:55,2008
33,Jr,17:56,2008
34,Sr,17:57,2008
35,Jr,17:59,2008
36,So,18:00,2008
37,So,18:00,2008
38,Fr,18:00,2008
39,Jr,18:01,2008
40,Jr,18:01,2008
41,Sr,18:01,2008
42,Fr,18:01,2008
43,So,18:02,2008
44,Fr,18:02,2008
45,Sr,18:02,2008
46,Jr,18:03,2008
47,So,18:04,2008
48,Sr,18:04,2008
49,Sr,18:05,2008
50,Fr,18:06,2008
51,Jr,18:07,2008
52,Sr,18:07,2008
53,Sr,18:08,2008
54,So,18:08,2008
55,Fr,18:08,2008
56,Fr,18:09,2008
57,Sr,18:10,2008
58,Jr,18:10,2008
59,Fr,18:10,2008
60,So,18:11,2008
61,Jr,18:11,2008
62,Sr,18:12,2008
63,Jr,18:12,2008
64,Sr,18:12,2008
65,So,18:12,2008
66,Fr,18:12,2008
67,Jr,18:12,2008
68,Fr,18:12,2008
69,So,18:12,2008
70,Jr,18:12,2008
71,Fr,18:13,2008
72,Jr,18:14,2008
73,Jr,18:14,2008
74,Jr,18:14,2008
75,Jr,18:15,2008
76,Sr,18:15,2008
77,Jr,18:16,2008
78,Sr,18:17,2008
79,Fr,18:18,2008
80,Jr,18:18,2008
81,So,18:18,2008
82,So,18:18,2008
83,Sr,18:19,2008
84,Sr,18:19,2008
85,Jr,18:19,2008
86,So,18:21,2008
87,Jr,18:21,2008
88,So,18:23,2008
89,Sr,18:23,2008
90,Sr,18:23,2008
91,Jr,18:24,2008
92,So,18:25,2008
93,Sr,18:25,2008
94,Jr,18:25,2008
95,Sr,18:25,2008
96,Fr,18:27,2008
97,Sr,18:28,2008
98,Jr,18:28,2008
99,Sr,18:29,2008
100,Sr,18:30,2008
101,Sr,18:31,2008
102,Fr,18:33,2008
103,Fr,18:33,2008
104,So,18:34,2008
105,So,18:36,2008
106,Fr,18:37,2008
107,Sr,18:37,2008
108,Jr,18:38,2008
109,Sr,18:38,2008
110,Sr,18:38,2008
111,Jr,18:38,2008
112,Sr,18:39,2008
113,Jr,18:39,2008
114,Sr,18:39,2008
115,Jr,18:40,2008
116,Sr,18:41,2008
117,Sr,18:41,2008
118,Jr,18:43,2008
119,So,18:43,2008
120,Sr,18:43,2008
121,Sr,18:43,2008
122,Jr,18:44,2008
123,Fr,18:45,2008
124,So,18:45,2008
125,Sr,18:47,2008
126,So,18:49,2008
127,Jr,18:49,2008
128,Fr,18:50,2008
129,Fr,18:50,2008
130,So,18:52,2008
131,So,18:52,2008
132,Sr,18:53,2008
133,Fr,18:53,2008
134,So,18:53,2008
135,Jr,18:54,2008
136,Jr,18:54,2008
137,Fr,18:55,2008
138,So,18:56,2008
139,So,18:56,2008
140,Jr,18:57,2008
141,Sr,18:57,2008
142,Sr,18:57,2008
143,Fr,18:58,2008
144,Jr,18:58,2008
145,Sr,18:59,2008
146,Fr,18:59,2008
147,Jr,18:59,2008
148,Sr,19:00,2008
149,Fr,19:01,2008
150,So,19:01,2008
151,Jr,19:01,2008
152,Fr,19:03,2008
153,Jr,19:05,2008
154,Sr,19:05,2008
155,Fr,19:05,2008
156,So,19:08,2008
157,Fr,19:12,2008
158,Fr,19:15,2008
159,So,19:15,2008
160,Sr,19:17,2008
161,Jr,19:17,2008
162,Jr,19:18,2008
163,Sr,19:18,2008
164,So,19:18,2008
165,Sr,19:19,2008
166,Jr,19:19,2008
167,So,19:19,2008
168,Sr,19:19,2008
169,Jr,19:20,2008
170,Jr,19:22,2008
171,Jr,19:24,2008
172,Fr,19:25,2008
173,Fr,19:26,2008
174,So,19:29,2008
175,Sr,19:30,2008
176,So,19:32,2008
177,Fr,19:33,2008
178,Sr,19:34,2008
179,Sr,19:34,2008
180,Jr,19:36,2008
181,So,19:36,2008
182,Sr,19:37,2008
183,Fr,19:41,2008
184,Sr,19:41,2008
185,Jr,19:42,2008
186,So,19:43,2008
187,Jr,19:45,2008
188,Jr,19:45,2008
189,Fr,19:46,2008
190,Jr,19:47,2008
191,Fr,19:47,2008
192,Jr,19:50,2008
193,Sr,19:55,2008
194,Jr,19:56,2008
195,Sr,19:56,2008
196,Fr,20:00,2008
197,Sr,20:05,2008
198,So,20:05,2008
199,Sr,20:06,2008
200,Sr,20:08,2008
201,Fr,20:13,2008
202,Jr,20:23,2008
203,So,20:26,2008
204,Sr,20:27,2008
205,So,20:36,2008
206,Jr,20:43,2008
207,Jr,20:43,2008
208,Sr,20:45,2008
209,Jr,21:06,2008
210,Sr,21:57,2008
1,Sr,17:11,2009
2,Jr,17:17,2009
3,Sr,17:19,2009
4,Sr,17:20,2009
5,So,17:21,2009
6,Fr,17:22,2009
7,So,17:27,2009
8,Sr,17:31,2009
9,Sr,17:34,2009
10,Fr,17:39,2009
11,Jr,17:41,2009
12,So,17:42,2009
13,Sr,17:47,2009
14,So,17:48,2009
15,Jr ,17:48,2009
16,Fr ,17:51,2009
17,Fr ,17:51,2009
18,Jr ,17:52,2009
19,Jr ,17:52,2009
20,Jr ,17:53,2009
21,Sr ,17:53,2009
22,Fr ,17:54,2009
23,So ,17:54,2009
24,Fr ,17:55,2009
25,Sr ,17:56,2009
26,Sr ,17:59,2009
27,So ,18:00,2009
28,Jr ,18:05,2009
29,Sr ,18:05,2009
30,Fr ,18:06,2009
31,Fr ,18:10,2009
32,Sr ,18:12,2009
33,Sr ,18:12,2009
34,Fr ,18:12,2009
35,Fr ,18:12,2009
36,Sr ,18:14,2009
37,So ,18:15,2009
38,Fr ,18:18,2009
39,Sr ,18:20,2009
40,Fr ,18:21,2009
41,So ,18:21,2009
42,Sr ,18:21,2009
43,Sr ,18:21,2009
44,Jr ,18:22,2009
45,So ,18:22,2009
46,So ,18:22,2009
47,Jr ,18:22,2009
48,Fr ,18:23,2009
49,Jr ,18:23,2009
50,Sr ,18:24,2009
51,Sr ,18:24,2009
52,Sr ,18:25,2009
53,Jr ,18:25,2009
54,Jr ,18:27,2009
55,Fr ,18:27,2009
56,Fr ,18:28,2009
57,Jr ,18:29,2009
58,Jr ,18:29,2009
59,Jr ,18:31,2009
60,Sr ,18:31,2009
61,So ,18:32,2009
62,Sr ,18:32,2009
63,Jr ,18:33,2009
64,Fr ,18:33,2009
65,Sr ,18:34,2009
66,Sr ,18:34,2009
67,Fr ,18:35,2009
68,So ,18:37,2009
69,Jr ,18:38,2009
70,Jr ,18:39,2009
71,Sr ,18:39,2009
72,So ,18:39,2009
73,So ,18:40,2009
74,So ,18:40,2009
75,Jr ,18:41,2009
76,Jr ,18:41,2009
77,Sr ,18:42,2009
78,Sr ,18:42,2009
79,Sr ,18:42,2009
80,So ,18:42,2009
81,Jr ,18:43,2009
82,Sr ,18:44,2009
83,Fr ,18:48,2009
84,Sr ,18:48,2009
85,Sr ,18:49,2009
86,Fr ,18:51,2009
87,So ,18:51,2009
88,Sr ,18:52,2009
90,Jr ,18:53,2009
91,Sr ,18:54,2009
92,Jr ,18:55,2009
93,Jr ,18:56,2009
94,So ,18:56,2009
95,Jr ,18:56,2009
96,Sr ,18:56,2009
97,Jr ,18:56,2009
98,So ,18:57,2009
99,So ,18:57,2009
100,So ,18:58,2009
101,Jr ,18:58,2009
102,Sr ,18:58,2009
103,So ,18:59,2009
104,Sr ,18:59,2009
105,So ,18:59,2009
106,So ,19:00,2009
107,Jr ,19:00,2009
108,So ,19:01,2009
109,Jr ,19:01,2009
110,Sr ,19:02,2009
111,Fr ,19:02,2009
112,Sr ,19:03,2009
113,Sr ,19:03,2009
114,So ,19:04,2009
115,So ,19:05,2009
116,Jr ,19:05,2009
117,Fr ,19:05,2009
118,Sr ,19:05,2009
119,So ,19:06,2009
120,Fr ,19:06,2009
121,Sr ,19:06,2009
122,So ,19:07,2009
123,So ,19:07,2009
124,Jr ,19:08,2009
125,So ,19:09,2009
126,So ,19:10,2009
127,Fr ,19:11,2009
128,So ,19:12,2009
129,Sr ,19:13,2009
130,So ,19:13,2009
131,Sr ,19:15,2009
132,Sr ,19:15,2009
133,Jr ,19:17,2009
134,So ,19:18,2009
135,So ,19:20,2009
136,Fr ,19:20,2009
137,Jr ,19:21,2009
138,Fr ,19:21,2009
139,Sr ,19:21,2009
140,So ,19:21,2009
141,So ,19:21,2009
142,Fr ,19:22,2009
143,Sr ,19:23,2009
144,Sr ,19:24,2009
145,Jr ,19:25,2009
146,So ,19:26,2009
147,Sr ,19:27,2009
148,Sr ,19:29,2009
149,Sr ,19:30,2009
150,Sr ,19:31,2009
151,Jr ,19:31,2009
152,Fr ,19:33,2009
153,Fr ,19:33,2009
154,Fr ,19:34,2009
155,Fr ,19:34,2009
156,Sr ,19:38,2009
157,Jr ,19:39,2009
158,Sr ,19:40,2009
159,So ,19:41,2009
160,Jr ,19:42,2009
161,Jr ,19:43,2009
162,Jr ,19:43,2009
163,Fr ,19:45,2009
164,Fr ,19:46,2009
165,Fr ,19:48,2009
166,Sr ,19:48,2009
167,Sr ,19:49,2009
168,Jr ,19:50,2009
169,Sr ,19:52,2009
170,Sr ,19:53,2009
171,Sr ,19:57,2009
172,Jr ,19:58,2009
173,Sr ,19:58,2009
174,So ,19:59,2009
175,So ,20:00,2009
176,Fr ,20:00,2009
177,So ,20:00,2009
178,So ,20:01,2009
179,Jr ,20:01,2009
180,Jr ,20:02,2009
181,Sr ,20:03,2009
182,Fr ,20:06,2009
183,Fr ,20:10,2009
184,Fr ,20:18,2009
185,Fr ,20:20,2009
186,So ,20:22,2009
187,Jr ,20:25,2009
188,Sr ,20:29,2009
189,Sr ,20:34,2009
190,Sr ,20:36,2009
191,Jr ,20:39,2009
192,Sr ,20:42,2009
193,Fr ,20:44,2009
194,Sr ,20:45,2009
195,Sr ,20:45,2009
196,Fr ,20:49,2009
197,Sr ,20:50,2009
198,Sr ,20:52,2009
199,Jr ,20:53,2009
200,So ,20:57,2009
201,Fr ,21:00,2009
202,Jr ,21:05,2009
203,Sr ,21:11,2009
204,Sr ,21:16,2009
205,So ,21:19,2009
206,So ,21:24,2009
207,Sr ,21:29,2009
208,Sr ,21:33,2009
209,So ,21:33,2009
210,Jr ,21:34,2009
211,Jr ,22:08,2009
1,Jr ,16:32,2010
2,So ,16:34,2010
3,Sr ,16:43,2010
4,Sr ,16:44,2010
5,So ,16:46,2010
6,Sr ,16:49,2010
7,Sr ,16:55,2010
8,Sr ,16:59,2010
9,So ,17:02,2010
10,So ,17:03,2010
11,So ,17:04,2010
12,So ,17:04,2010
13,Jr ,17:05,2010
14,Jr ,17:06,2010
15,So ,17:06,2010
16,So ,17:06,2010
17,So ,17:06,2010
18,Jr ,17:06,2010
19,Fr ,17:08,2010
20,So ,17:09,2010
21,So ,17:13,2010
22,Sr ,17:13,2010
23,So ,17:14,2010
24,So ,17:15,2010
25,Sr ,17:15,2010
26,Jr ,17:18,2010
27,So ,17:27,2010
28,Sr ,17:28,2010
29,Fr ,17:28,2010
30,Sr ,17:29,2010
31,Sr ,17:32,2010
32,So ,17:32,2010
33,Fr ,17:32,2010
34,Jr ,17:33,2010
35,So ,17:35,2010
36,So ,17:37,2010
37,Jr ,17:37,2010
38,Fr ,17:39,2010
39,Jr ,17:39,2010
40,Sr ,17:40,2010
41,Sr ,17:40,2010
42,So ,17:40,2010
43,So ,17:41,2010
44,Fr ,17:43,2010
45,Jr ,17:43,2010
46,Sr ,17:43,2010
47,So ,17:45,2010
48,Sr ,17:46,2010
49,Sr ,17:46,2010
50,So ,17:47,2010
51,Jr ,17:47,2010
52,Sr ,17:48,2010
53,Sr ,17:49,2010
54,Jr ,17:49,2010
55,Jr ,17:50,2010
56,Jr ,17:51,2010
57,Sr ,17:51,2010
58,So ,17:52,2010
59,Jr ,17:52,2010
60,Jr ,17:53,2010
61,Fr ,17:53,2010
62,Jr ,17:53,2010
63,Jr ,17:55,2010
64,Sr ,17:56,2010
65,So,17:56,2010
66,Sr,17:57,2010
67,Sr,17:57,2010
68,Sr,17:57,2010
69,Sr,17:58,2010
70,Fr,17:58,2010
71,Fr,17:58,2010
72,Jr,18:00,2010
73,So,18:01,2010
74,Sr,18:01,2010
75,Sr,18:01,2010
76,Fr,18:01,2010
77,So,18:02,2010
78,So,18:02,2010
79,Jr ,18:02,2010
80,So ,18:04,2010
81,Jr ,18:05,2010
82,Sr ,18:05,2010
83,Jr ,18:06,2010
84,Sr ,18:06,2010
85,Sr ,18:07,2010
86,Fr ,18:09,2010
87,Fr ,18:10,2010
88,Jr ,18:10,2010
89,Jr ,18:11,2010
90,So ,18:12,2010
91,Sr ,18:12,2010
92,Sr ,18:13,2010
93,Jr ,18:13,2010
94,Jr ,18:14,2010
95,So ,18:14,2010
96,Sr ,18:15,2010
97,Sr ,18:15,2010
98,Jr ,18:16,2010
99,Jr ,18:16,2010
100,Fr ,18:19,2010
101,Sr ,18:19,2010
102,Jr ,18:19,2010
103,So ,18:20,2010
104,Sr ,18:20,2010
105,Sr ,18:21,2010
106,So ,18:21,2010
107,So ,18:23,2010
108,Jr ,18:24,2010
109,Jr ,18:24,2010
110,Jr ,18:24,2010
111,So ,18:24,2010
112,So ,18:25,2010
113,Jr ,18:26,2010
114,Sr ,18:26,2010
115,So ,18:27,2010
116,So ,18:27,2010
117,Jr ,18:28,2010
118,Jr ,18:28,2010
119,Jr ,18:28,2010
120,So ,18:29,2010
121,Sr ,18:29,2010
122,Fr ,18:29,2010
123,So,18:30,2010
124,Jr,18:30,2010
125,Sr ,18:31,2010
126,Jr ,18:32,2010
127,So ,18:32,2010
128,Fr ,18:32,2010
129,So ,18:33,2010
130,Jr ,18:34,2010
131,Sr ,18:34,2010
132,So ,18:35,2010
133,Sr ,18:35,2010
134,Jr ,18:36,2010
135,Fr ,18:37,2010
136,Sr ,18:37,2010
137,Sr ,18:37,2010
138,Jr ,18:38,2010
139,Fr ,18:38,2010
140,So ,18:38,2010
141,So ,18:38,2010
142,Sr ,18:39,2010
143,Jr ,18:39,2010
144,Jr ,18:39,2010
145,Jr ,18:40,2010
146,Sr ,18:40,2010
147,Sr ,18:41,2010
148,Sr ,18:41,2010
149,Fr ,18:41,2010
150,Fr ,18:43,2010
151,So ,18:43,2010
152,Sr ,18:44,2010
153,Sr ,18:46,2010
154,Jr ,18:46,2010
155,Sr ,18:47,2010
156,Fr ,18:48,2010
157,Fr ,18:50,2010
158,Sr ,18:51,2010
159,Jr ,18:51,2010
160,Fr ,18:52,2010
161,So ,18:53,2010
162,Sr ,18:54,2010
163,So ,18:55,2010
164,Jr ,18:55,2010
165,Jr ,18:56,2010
166,Sr ,18:56,2010
167,So ,18:57,2010
168,Sr ,18:58,2010
169,Jr ,18:59,2010
170,Fr ,18:59,2010
171,Jr ,19:00,2010
172,So ,19:02,2010
173,Fr ,19:02,2010
174,Sr ,19:02,2010
175,Jr ,19:04,2010
176,Fr ,19:04,2010
177,Sr ,19:07,2010
178,Jr ,19:09,2010
179,Jr ,19:09,2010
180,Fr ,19:10,2010
181,Jr ,19:11,2010
182,So ,19:14,2010
183,Jr ,19:16,2010
184,So ,19:21,2010
185,So ,19:22,2010
186,Sr ,19:24,2010
187,Sr ,19:24,2010
188,Jr ,19:28,2010
189,Fr ,19:29,2010
190,Jr ,19:31,2010
191,Sr ,19:31,2010
192,Jr ,19:32,2010
193,Sr ,19:37,2010
194,So ,19:38,2010
195,Fr ,19:39,2010
196,Sr ,19:40,2010
197,Sr ,19:43,2010
198,So ,19:46,2010
199,Sr ,19:49,2010
200,Sr ,19:52,2010
201,Fr ,19:59,2010
202,Jr ,20:10,2010
203,Fr ,20:18,2010
204,Sr ,20:20,2010
205,So ,20:22,2010
206,So ,20:27,2010
207,Sr ,20:33,2010
208,Sr ,22:04,2010
1,Sr   ,16:24,2011
2,Sr   ,16:37,2011
3,Jr   ,16:43,2011
4,Jr   ,16:50,2011
5,Jr   ,16:59,2011
6,So   ,17:00,2011
7,Sr   ,17:04,2011
8,Sr   ,17:04,2011
9,Jr   ,17:08,2011
10,Fr   ,17:08,2011
11,Jr   ,17:11,2011
12,Jr   ,17:12,2011
13,Jr   ,17:13,2011
14,Sr   ,17:13,2011
15,So   ,17:15,2011
16,Jr   ,17:17,2011
17,So   ,17:21,2011
18,Jr   ,17:24,2011
19,Jr  ,17:26,2011
20,Sr   ,17:26,2011
21,Jr   ,17:26,2011
22,Jr   ,17:26,2011
23,Jr   ,17:26,2011
24,Sr   ,17:27,2011
25,Sr   ,17:28,2011
26,Jr   ,17:34,2011
27,Sr   ,17:35,2011
28,Fr   ,17:36,2011
29,Fr   ,17:38,2011
30,Sr   ,17:39,2011
31,Jr   ,17:39,2011
32,Sr   ,17:40,2011
33,Sr   ,17:40,2011
34,Jr   ,17:40,2011
35,So   ,17:42,2011
36,Jr   ,17:43,2011
37,Jr   ,17:45,2011
38,Jr   ,17:46,2011
39,Fr   ,17:46,2011
40,Sr   ,17:46,2011
41,So   ,17:47,2011
42,Jr   ,17:48,2011
43,Jr   ,17:49,2011
44,Sr   ,17:50,2011
45,Jr   ,17:52,2011
46,Sr   ,17:53,2011
47,Sr   ,17:54,2011
48,So   ,17:56,2011
49,So   ,17:56,2011
50,Jr   ,17:57,2011
51,So   ,17:57,2011
52,Sr   ,17:58,2011
53,Fr   ,17:59,2011
54,So   ,18:00,2011
55,Fr   ,18:00,2011
56,So   ,18:01,2011
57,Jr   ,18:02,2011
58,Jr   ,18:02,2011
59,Jr   ,18:03,2011
60,Jr   ,18:03,2011
61,Sr   ,18:05,2011
62,Jr   ,18:05,2011
63,Jr   ,18:06,2011
64,Fr   ,18:07,2011
65,So   ,18:08,2011
66,Sr   ,18:08,2011
67,Sr   ,18:10,2011
68,Fr   ,18:11,2011
69,Sr   ,18:12,2011
70,Jr   ,18:12,2011
71,Jr   ,18:13,2011
72,Sr   ,18:13,2011
73,Jr   ,18:15,2011
74,Jr   ,18:15,2011
75,Sr   ,18:17,2011
76,Jr   ,18:18,2011
77,Jr   ,18:19,2011
78,Sr   ,18:21,2011
79,Jr   ,18:21,2011
80,Sr   ,18:21,2011
81,So   ,18:22,2011
82,Jr   ,18:23,2011
83,Sr   ,18:23,2011
84,So   ,18:24,2011
85,Sr   ,18:24,2011
86,Sr   ,18:25,2011
87,Fr   ,18:25,2011
88,Sr   ,18:26,2011
89,Sr   ,18:26,2011
90,Jr   ,18:26,2011
91,Sr   ,18:26,2011
92,So   ,18:26,2011
93,Sr   ,18:27,2011
94,Jr   ,18:27,2011
95,Sr   ,18:29,2011
96,So   ,18:29,2011
97,Sr   ,18:31,2011
98,Sr   ,18:31,2011
99,Sr   ,18:31,2011
100,Jr   ,18:32,2011
101,So   ,18:32,2011
102,Sr   ,18:33,2011
103,Sr   ,18:34,2011
104,Sr   ,18:34,2011
105,So   ,18:35,2011
106,Jr   ,18:35,2011
107,Fr   ,18:36,2011
108,Sr   ,18:36,2011
109,So   ,18:37,2011
110,So   ,18:37,2011
111,Jr   ,18:38,2011
112,Fr   ,18:38,2011
113,Sr   ,18:38,2011
114,So   ,18:38,2011
115,So   ,18:39,2011
116,So   ,18:40,2011
117,Sr   ,18:40,2011
118,Sr   ,18:40,2011
119,Sr   ,18:42,2011
120,Fr   ,18:43,2011
121,Sr   ,18:44,2011
122,Sr   ,18:44,2011
123,Fr   ,18:44,2011
124,Sr   ,18:44,2011
125,Jr   ,18:47,2011
126,Fr   ,18:47,2011
127,Sr   ,18:47,2011
128,Jr   ,18:48,2011
129,Fr   ,18:48,2011
130,Sr   ,18:48,2011
131,Jr   ,18:48,2011
132,So   ,18:48,2011
133,Fr   ,18:49,2011
134,So   ,18:49,2011
135,So   ,18:50,2011
136,Jr   ,18:51,2011
137,Sr   ,18:52,2011
138,Jr   ,18:53,2011
139,Fr   ,18:54,2011
140,Sr   ,18:54,2011
141,So   ,18:54,2011
142,So   ,18:55,2011
143,Jr   ,18:55,2011
144,Sr   ,18:55,2011
145,Sr   ,18:57,2011
146,Fr   ,18:58,2011
147,Jr   ,18:58,2011
148,Jr   ,18:59,2011
149,So   ,19:00,2011
150,Jr   ,19:01,2011
151,Jr   ,19:02,2011
152,Jr   ,19:02,2011
153,Jr   ,19:04,2011
154,Sr   ,19:04,2011
155,So   ,19:04,2011
156,Jr   ,19:05,2011
157,Sr   ,19:05,2011
158,Sr   ,19:06,2011
159,Jr   ,19:06,2011
160,Sr   ,19:06,2011
161,So   ,19:07,2011
162,Sr   ,19:07,2011
163,So   ,19:07,2011
164,Jr   ,19:08,2011
165,So   ,19:09,2011
166,Sr   ,19:12,2011
167,Jr   ,19:12,2011
168,Jr   ,19:13,2011
169,Fr   ,19:13,2011
170,Jr   ,19:13,2011
171,Fr   ,19:14,2011
172,Sr   ,19:14,2011
173,Sr   ,19:14,2011
174,So   ,19:15,2011
175,So   ,19:17,2011
176,Jr   ,19:17,2011
177,Sr   ,19:18,2011
178,Fr   ,19:18,2011
179,Fr   ,19:18,2011
180,So   ,19:21,2011
181,Fr   ,19:22,2011
182,Sr   ,19:22,2011
183,Fr   ,19:23,2011
184,Jr   ,19:23,2011
185,Fr   ,19:24,2011
186,Jr   ,19:25,2011
187,Jr   ,19:25,2011
188,Sr   ,19:27,2011
189,Jr   ,19:27,2011
190,Fr   ,19:28,2011
191,Sr   ,19:30,2011
192,Sr   ,19:31,2011
193,Jr   ,19:32,2011
194,Jr   ,19:32,2011
195,So   ,19:35,2011
196,Fr   ,19:37,2011
197,Fr   ,19:40,2011
198,So   ,19:43,2011
199,So   ,19:45,2011
200,Sr   ,19:45,2011
201,So   ,19:45,2011
202,So   ,19:47,2011
203,Sr   ,19:50,2011
204,So   ,19:52,2011
205,Fr   ,19:52,2011
206,Sr   ,19:53,2011
207,Sr   ,19:54,2011
208,Jr   ,19:56,2011
209,Jr   ,19:59,2011
210,Fr   ,20:01,2011
211,Jr   ,20:04,2011
212,Sr   ,20:10,2011
213,Sr   ,20:11,2011
214,Jr   ,20:11,2011
215,Jr   ,20:23,2011
216,Sr   ,20:25,2011
1,Jr   ,16:02,2012
2,Sr   ,16:15,2012
3,Sr   ,16:27,2012
4,Sr   ,16:39,2012
5,So   ,16:43,2012
6,So   ,16:45,2012
7,So   ,16:47,2012
8,Sr   ,16:49,2012
9,Jr   ,16:51,2012
10,Jr   ,16:54,2012
11,Sr   ,16:54,2012
12,So   ,16:56,2012
13,Sr   ,16:56,2012
14,So   ,16:57,2012
15,Jr   ,16:58,2012
16,Sr   ,17:00,2012
17,Fr   ,17:01,2012
18,Sr   ,17:01,2012
19,Fr   ,17:01,2012
20,Fr   ,17:01,2012
21,Jr   ,17:04,2012
22,Fr   ,17:07,2012
23,Fr   ,17:09,2012
24,Sr   ,17:09,2012
25,So   ,17:10,2012
26,Sr   ,17:10,2012
27,Sr   ,17:14,2012
28,Sr   ,17:15,2012
29,So   ,17:16,2012
30,Jr   ,17:18,2012
31,So   ,17:20,2012
32,Jr   ,17:22,2012
33,Jr   ,17:23,2012
34,Jr   ,17:25,2012
35,Sr   ,17:26,2012
36,Fr   ,17:27,2012
37,So   ,17:27,2012
38,Jr   ,17:28,2012
3,Sr   ,17:28,2012
40,Jr   ,17:29,2012
41,Sr   ,17:31,2012
42,So   ,17:31,2012
43,So   ,17:31,2012
44,Sr   ,17:31,2012
45,Sr   ,17:33,2012
46,Sr   ,17:34,2012
47,Fr   ,17:35,2012
48,Sr   ,17:36,2012
49,Jr   ,17:36,2012
50,Sr   ,17:37,2012
51,Sr   ,17:38,2012
52,Jr   ,17:38,2012
53,Sr   ,17:39,2012
54,Sr   ,17:39,2012
55,So   ,17:41,2012
56,Jr   ,17:42,2012
57,Jr   ,17:42,2012
58,Fr   ,17:44,2012
59,Fr   ,17:44,2012
60,Sr   ,17:45,2012
61,Sr   ,17:46,2012
62,Sr   ,17:46,2012
63,So   ,17:47,2012
64,So   ,17:48,2012
65,Jr   ,17:48,2012
66,Sr   ,17:48,2012
67,Fr   ,17:48,2012
68,Fr   ,17:49,2012
69,So   ,17:50,2012
70,So   ,17:51,2012
71,Jr   ,17:52,2012
72,Sr   ,17:52,2012
73,Jr   ,17:53,2012
74,Sr   ,17:53,2012
75,Jr   ,17:54,2012
76,Sr   ,17:55,2012
77,Sr   ,17:55,2012
78,Fr   ,17:55,2012
79,Jr   ,17:55,2012
80,Sr   ,17:56,2012
81,Sr   ,17:56,2012
82,Sr   ,17:56,2012
83,Jr   ,17:57,2012
84,Fr   ,17:57,2012
85,Sr   ,17:58,2012
86,Sr   ,17:59,2012
87,Sr   ,17:59,2012
88,Sr   ,18:00,2012
89,So   ,18:00,2012
90,Sr   ,18:00,2012
91,So   ,18:01,2012
92,Jr   ,18:02,2012
93,So   ,18:02,2012
94,Jr   ,18:02,2012
95,Fr   ,18:03,2012
96,Sr   ,18:04,2012
97,So   ,18:05,2012
98,So   ,18:06,2012
99,Jr   ,18:06,2012
100,Jr   ,18:06,2012
101,Fr   ,18:07,2012
102,Sr   ,18:10,2012
103,Jr   ,18:10,2012
104,Sr   ,18:12,2012
105,Sr   ,18:13,2012
106,Sr   ,18:13,2012
107,Jr   ,18:15,2012
108,Sr   ,18:16,2012
109,Jr   ,18:16,2012
110,Jr   ,18:18,2012
111,So   ,18:19,2012
112,So   ,18:19,2012
113,Jr   ,18:19,2012
114,Fr   ,18:19,2012
115,Sr   ,18:20,2012
116,Sr   ,18:20,2012
117,Jr   ,18:21,2012
118,Jr   ,18:22,2012
119,Jr   ,18:22,2012
120,So   ,18:22,2012
121,Sr   ,18:22,2012
122,So   ,18:22,2012
123,Fr   ,18:23,2012
124,Fr   ,18:23,2012
125,Fr   ,18:23,2012
126,Fr   ,18:23,2012
127,Jr   ,18:23,2012
128,Sr   ,18:24,2012
129,Jr   ,18:26,2012
130,Fr   ,18:26,2012
131,Sr   ,18:26,2012
132,So   ,18:27,2012
133,So   ,18:28,2012
134,So   ,18:28,2012
135,Sr   ,18:28,2012
136,Fr   ,18:28,2012
137,Sr   ,18:28,2012
138,Jr   ,18:29,2012
139,Sr   ,18:29,2012
140,Jr   ,18:29,2012
141,Sr   ,18:31,2012
142,So   ,18:31,2012
143,Sr   ,18:33,2012
144,Fr   ,18:34,2012
145,Jr   ,18:34,2012
146,Jr   ,18:36,2012
147,Jr   ,18:37,2012
148,Sr   ,18:37,2012
149,So   ,18:39,2012
150,Sr   ,18:39,2012
151,Sr   ,18:40,2012
152,Jr   ,18:42,2012
153,Fr   ,18:42,2012
154,Jr   ,18:43,2012
155,So   ,18:43,2012
156,Jr   ,18:44,2012
157,So   ,18:45,2012
158,Fr   ,18:45,2012
159,Sr   ,18:46,2012
160,Fr   ,18:47,2012
161,Fr   ,18:47,2012
162,Jr   ,18:48,2012
163,So   ,18:48,2012
164,Jr   ,18:49,2012
165,Sr   ,18:50,2012
166,So   ,18:51,2012
167,Fr   ,18:51,2012
168,Sr   ,18:52,2012
169,Jr   ,18:52,2012
170,Sr   ,18:53,2012
171,Sr   ,18:53,2012
172,Jr   ,18:54,2012
173,Jr   ,18:54,2012
174,Jr   ,18:54,2012
175,Sr   ,18:55,2012
176,Sr   ,18:55,2012
177,So   ,18:56,2012
178,Sr   ,18:56,2012
179,So   ,18:58,2012
180,So   ,18:58,2012
181,Jr   ,18:58,2012
182,Jr   ,19:00,2012
183,Sr   ,19:01,2012
184,So   ,19:02,2012
185,So   ,19:05,2012
186,Sr   ,19:08,2012
187,Sr   ,19:10,2012
188,Sr   ,19:11,2012
189,Sr   ,19:12,2012
190,Jr   ,19:16,2012
191,Fr   ,19:18,2012
192,Jr   ,19:18,2012
193,Fr   ,19:22,2012
194,Jr   ,19:24,2012
195,Jr   ,19:25,2012
196,Fr   ,19:26,2012
197,Jr   ,19:26,2012
198,Jr   ,19:27,2012
199,Sr   ,19:36,2012
200,Jr   ,19:39,2012
201,Jr   ,19:42,2012
202,So   ,19:47,2012
203,Jr   ,19:47,2012
204,So   ,19:48,2012
205,Sr   ,19:49,2012
206,Jr   ,19:50,2012
207,Fr   ,19:59,2012
208,So   ,19:59,2012
209,Fr   ,20:13,2012
1,Jr   ,16:43,2013
2,Fr   ,16:45,2013
3,Sr   ,17:03,2013
4,Jr   ,17:07,2013
5,Fr   ,17:07,2013
6,So   ,17:13,2013
7,So   ,17:14,2013
8,Fr   ,17:14,2013
9,Jr   ,17:14,2013
10,Jr   ,17:16,2013
11,Sr   ,17:20,2013
12,Jr   ,17:21,2013
13,Fr   ,17:23,2013
14,Sr   ,17:23,2013
15,Sr   ,17:24,2013
16,Jr   ,17:24,2013
17,So   ,17:25,2013
18,Jr   ,17:25,2013
19,Fr   ,17:26,2013
20,Fr   ,17:26,2013
21,So   ,17:28,2013
22,Jr   ,17:29,2013
23,Sr   ,17:29,2013
24,So   ,17:32,2013
25,Sr   ,17:34,2013
26,Fr   ,17:40,2013
27,Sr   ,17:45,2013
28,Fr   ,17:46,2013
29,Sr   ,17:46,2013
30,Sr   ,17:46,2013
31,Jr   ,17:48,2013
32,So   ,17:48,2013
33,So   ,17:49,2013
34,Jr   ,17:50,2013
35,So   ,17:50,2013
36,So   ,17:51,2013
37,Sr   ,17:52,2013
38,Sr   ,17:54,2013
39,Jr   ,17:55,2013
40,Jr   ,17:56,2013
41,Sr   ,17:56,2013
42,So   ,17:56,2013
43,Fr   ,17:57,2013
44,So   ,17:58,2013
45,Fr   ,17:58,2013
46,Sr   ,17:58,2013
47,Jr   ,18:02,2013
48,Jr   ,18:02,2013
49,Jr   ,18:03,2013
50,Sr   ,18:04,2013
51,So   ,18:04,2013
52,Sr   ,18:05,2013
53,Fr   ,18:05,2013
54,Jr   ,18:06,2013
55,Sr   ,18:06,2013
56,Fr   ,18:06,2013
57,So   ,18:06,2013
58,Sr   ,18:07,2013
59,So   ,18:10,2013
60,So   ,18:10,2013
61,Jr   ,18:10,2013
62,Fr   ,18:12,2013
63,So   ,18:12,2013
64,Jr   ,18:12,2013
65,Sr   ,18:13,2013
66,So   ,18:13,2013
67,Sr   ,18:13,2013
68,Sr   ,18:14,2013
69,Sr   ,18:15,2013
70,So   ,18:15,2013
71,So   ,18:16,2013
72,Fr   ,18:16,2013
73,Sr   ,18:18,2013
74,Jr   ,18:18,2013
75,So   ,18:18,2013
76,So   ,18:18,2013
77,Jr   ,18:19,2013
78,Sr   ,18:19,2013
79,Fr   ,18:20,2013
80,So   ,18:20,2013
81,Jr   ,18:20,2013
82,Fr   ,18:21,2013
83,So   ,18:21,2013
84,Jr   ,18:22,2013
85,Sr   ,18:23,2013
86,So   ,18:23,2013
87,Sr   ,18:23,2013
88,So   ,18:23,2013
89,Sr   ,18:24,2013
90,Sr   ,18:25,2013
91,Sr   ,18:25,2013
92,Sr   ,18:25,2013
93,Jr   ,18:26,2013
94,Sr   ,18:26,2013
95,Jr   ,18:26,2013
96,So   ,18:27,2013
97,Jr   ,18:28,2013
98,So   ,18:28,2013
99,Fr   ,18:28,2013
100,Jr   ,18:30,2013
101,So   ,18:32,2013
102,Fr   ,18:32,2013
103,Jr   ,18:33,2013
104,Jr   ,18:33,2013
105,Sr   ,18:34,2013
106,Sr   ,18:35,2013
107,Sr   ,18:35,2013
108,Jr   ,18:36,2013
109,Fr   ,18:38,2013
110,Jr   ,18:38,2013
111,Sr   ,18:39,2013
112,Jr   ,18:39,2013
113,Sr   ,18:40,2013
114,Jr   ,18:40,2013
115,Sr   ,18:40,2013
116,Jr   ,18:41,2013
11,Jr   ,18:42,2013
118,Fr   ,18:42,2013
119,Fr   ,18:43,2013
120,Sr   ,18:43,2013
121,So   ,18:43,2013
122,Sr   ,18:43,2013
123,So   ,18:44,2013
124,Jr   ,18:46,2013
125,So   ,18:47,2013
126,Fr   ,18:47,2013
127,So   ,18:48,2013
128,Sr   ,18:48,2013
129,So   ,18:48,2013
130,Sr   ,18:49,2013
131,Sr   ,18:49,2013
132,So   ,18:49,2013
133,Jr   ,18:51,2013
134,Fr   ,18:53,2013
135,Jr   ,18:54,2013
136,Sr   ,18:55,2013
137,So   ,18:55,2013
138,Sr   ,18:55,2013
139,Sr   ,18:55,2013
140,So   ,18:57,2013
141,Fr   ,18:59,2013
142,Sr   ,18:59,2013
143,Fr   ,18:59,2013
144,So   ,19:00,2013
145,So   ,19:00,2013
146,Sr   ,19:01,2013
147,Fr   ,19:03,2013
148,Sr   ,19:03,2013
149,Fr   ,19:03,2013
150,Jr   ,19:04,2013
151,So   ,19:05,2013
152,Fr   ,19:06,2013
153,So   ,19:06,2013
154,So   ,19:07,2013
155,Jr   ,19:07,2013
156,So   ,19:07,2013
157,So   ,19:08,2013
158,So   ,19:09,2013
159,So   ,19:11,2013
160,Jr   ,19:11,2013
161,Sr   ,19:12,2013
162,So   ,19:13,2013
163,Fr   ,19:15,2013
164,So   ,19:18,2013
165,Jr   ,19:18,2013
166,Jr   ,19:19,2013
167,Sr   ,19:20,2013
168,So   ,19:20,2013
169,So   ,19:20,2013
170,Sr   ,19:21,2013
171,So   ,19:21,2013
172,Jr   ,19:21,2013
173,Sr   ,19:23,2013
174,Jr   ,19:29,2013
175,Jr   ,19:33,2013
176,Fr   ,19:34,2013
177,So   ,19:35,2013
178,Sr   ,19:37,2013
179,Sr   ,19:42,2013
180,So   ,19:43,2013
181,Jr   ,19:47,2013
182,Sr   ,19:48,2013
183,Sr   ,19:49,2013
184,Jr   ,19:50,2013
185,Jr   ,19:52,2013
186,Fr   ,19:52,2013
187,Fr   ,19:54,2013
188,So   ,19:56,2013
189,Jr   ,19:58,2013
190,Sr   ,20:03,2013
191,Sr   ,20:05,2013
192,Fr   ,20:06,2013
193,Jr   ,20:06,2013
194,Sr   ,20:07,2013
195,So   ,20:12,2013
196,Sr   ,20:14,2013
197,Fr   ,20:18,2013
198,So   ,20:19,2013
199,Jr   ,20:21,2013
200,Sr   ,20:22,2013
201,Fr   ,20:24,2013
202,Jr   ,20:25,2013
203,So   ,20:28,2013
204,So   ,20:38,2013
205,Jr   ,20:46,2013
206,Jr   ,21:07,2013
207,Jr   ,21:53,2013
1,Jr   ,16:23,2014
2,Sr   ,16:48,2014
3,Jr   ,16:55,2014
4,So   ,16:59,2014
5,Fr   ,17:00,2014
6,So   ,17:01,2014
7,Sr   ,17:04,2014
8,Sr   ,17:05,2014
9,Jr   ,17:06,2014
10,So   ,17:06,2014
11,Jr   ,17:07,2014
12,Sr   ,17:08,2014
13,Fr   ,17:09,2014
14,So   ,17:09,2014
15,So   ,17:11,2014
16,Sr   ,17:13,2014
17,Jr   ,17:14,2014
18,Sr   ,17:16,2014
19,So   ,17:16,2014
20,Fr   ,17:17,2014
21,Jr   ,17:18,2014
22,Sr   ,17:18,2014
23,Sr   ,17:19,2014
24,So   ,17:19,2014
25,Sr   ,17:21,2014
26,Sr   ,17:22,2014
27,So   ,17:26,2014
28,Jr   ,17:29,2014
29,Fr   ,17:31,2014
30,Fr   ,17:31,2014
31,Sr   ,17:32,2014
32,Jr   ,17:32,2014
33,Sr   ,17:35,2014
34,Sr   ,17:36,2014
35,Jr   ,17:36,2014
36,Fr   ,17:36,2014
37,Sr   ,17:37,2014
38,Sr   ,17:37,2014
39,So   ,17:38,2014
40,Sr   ,17:38,2014
41,Jr   ,17:40,2014
42,Sr   ,17:40,2014
43,So   ,17:43,2014
44,So   ,17:43,2014
45,Jr   ,17:43,2014
46,Jr   ,17:45,2014
47,Sr   ,17:45,2014
48,Jr   ,17:46,2014
49,Jr   ,17:47,2014
50,Sr   ,17:48,2014
51,So   ,17:48,2014
52,So   ,17:49,2014
53,Jr   ,17:50,2014
54,Sr   ,17:52,2014
55,Sr   ,17:52,2014
56,So   ,17:52,2014
57,Sr   ,17:52,2014
58,Fr   ,17:53,2014
59,Jr   ,17:53,2014
60,Jr   ,17:54,2014
61,So   ,17:56,2014
62,So   ,17:56,2014
63,Fr   ,17:56,2014
64,Fr   ,17:56,2014
65,So   ,17:57,2014
66,Fr   ,17:57,2014
67,Jr   ,17:57,2014
68,Fr   ,17:58,2014
69,So   ,17:58,2014
70,Sr   ,17:58,2014
71,Sr   ,17:58,2014
72,So   ,17:59,2014
73,Sr   ,18:00,2014
74,So   ,18:00,2014
75,Jr   ,18:01,2014
76,Jr   ,18:01,2014
77,Fr   ,18:03,2014
78,Sr   ,18:04,2014
79,So   ,18:04,2014
80,Jr   ,18:04,2014
81,Jr   ,18:04,2014
82,Fr   ,18:04,2014
83,Jr   ,18:05,2014
84,Jr   ,18:05,2014
85,So   ,18:05,2014
86,Sr   ,18:06,2014
87,Sr   ,18:06,2014
88,Sr   ,18:07,2014
89,Jr   ,18:08,2014
90,So   ,18:09,2014
91,So   ,18:09,2014
92,So   ,18:10,2014
93,Fr   ,18:10,2014
94,So   ,18:11,2014
95,Sr   ,18:11,2014
96,Sr   ,18:11,2014
97,Jr   ,18:12,2014
98,So   ,18:13,2014
99,Sr   ,18:13,2014
100,Fr   ,18:13,2014
101,Fr   ,18:13,2014
102,Jr   ,18:13,2014
103,Sr   ,18:13,2014
104,Sr   ,18:14,2014
105,Sr   ,18:15,2014
106,Fr   ,18:15,2014
107,Jr   ,18:15,2014
108,Sr   ,18:16,2014
109,Jr   ,18:16,2014
110,Jr   ,18:16,2014
111,So   ,18:17,2014
112,Jr   ,18:17,2014
113,Sr   ,18:17,2014
114,So   ,18:17,2014
115,Fr   ,18:17,2014
116,Sr   ,18:19,2014
117,Jr   ,18:20,2014
118,Fr   ,18:21,2014
119,Fr   ,18:21,2014
120,So   ,18:22,2014
121,Sr   ,18:22,2014
122,Jr   ,18:23,2014
123,So   ,18:24,2014
124,So   ,18:24,2014
125,Jr   ,18:25,2014
126,Fr   ,18:25,2014
127,Sr   ,18:26,2014
128,Sr   ,18:26,2014
129,Fr   ,18:27,2014
130,Sr   ,18:28,2014
131,Fr   ,18:29,2014
132,Sr   ,18:29,2014
133,Fr   ,18:30,2014
134,Sr   ,18:30,2014
135,Sr   ,18:31,2014
136,Fr   ,18:34,2014
137,Sr   ,18:34,2014
138,Jr   ,18:34,2014
139,Jr   ,18:36,2014
140,Fr   ,18:37,2014
141,Sr   ,18:37,2014
142,Sr   ,18:37,2014
143,Jr   ,18:38,2014
144,Jr   ,18:39,2014
145,Jr   ,18:39,2014
146,Sr   ,18:40,2014
147,So   ,18:40,2014
148,Fr   ,18:41,2014
149,Jr   ,18:41,2014
150,Jr   ,18:41,2014
151,Fr   ,18:41,2014
152,Fr   ,18:42,2014
153,So   ,18:43,2014
154,So   ,18:45,2014
155,Fr   ,18:46,2014
156,Jr   ,18:46,2014
157,Sr   ,18:46,2014
158,Jr   ,18:48,2014
159,Jr   ,18:49,2014
160,Jr   ,18:50,2014
161,So   ,18:51,2014
162,Sr   ,18:52,2014
163,So   ,18:54,2014
164,Sr   ,18:55,2014
165,Fr   ,18:56,2014
166,Fr   ,18:57,2014
167,Fr   ,18:59,2014
168,Jr   ,19:00,2014
169,Jr   ,19:00,2014
170,Sr   ,19:05,2014
171,Jr   ,19:07,2014
172,Jr   ,19:07,2014
173,So   ,19:08,2014
174,Jr   ,19:08,2014
175,Jr   ,19:10,2014
176,Jr   ,19:11,2014
177,Jr   ,19:16,2014
178,Sr   ,19:17,2014
179,Fr   ,19:18,2014
180,Fr   ,19:19,2014
181,Sr   ,19:20,2014
182,Sr   ,19:20,2014
183,So   ,19:21,2014
184,Sr   ,19:23,2014
185,Fr   ,19:25,2014
186,So   ,19:26,2014
187,Sr   ,19:28,2014
188,Sr   ,19:33,2014
189,Fr   ,19:37,2014
190,Sr   ,19:38,2014
191,Sr   ,19:39,2014
192,So   ,19:44,2014
193,Fr   ,19:44,2014
194,Fr   ,19:44,2014
195,Fr   ,19:45,2014
196,Sr   ,19:47,2014
197,Fr   ,19:47,2014
198,Sr   ,19:49,2014
199,Jr   ,19:56,2014
200,Sr   ,19:57,2014
201,Fr   ,19:57,2014
202,Jr   ,20:03,2014
203,Sr   ,20:08,2014
204,So   ,20:13,2014
205,Sr   ,20:17,2014
206,So   ,20:20,2014
207,Fr   ,20:20,2014
208,Jr   ,20:22,2014
209,Jr   ,20:29,2014
1,Sr   ,15:54,2015
2,So   ,16:16,2015
3,Jr   ,16:34,2015
4,Jr   ,16:36,2015
5,So   ,16:43,2015
6,So   ,16:44,2015
7,Sr   ,16:46,2015
8,So   ,16:49,2015
9,Sr   ,16:53,2015
10,So   ,16:53,2015
11,So   ,16:53,2015
12,Sr   ,16:54,2015
13,So   ,16:54,2015
14,Sr   ,16:55,2015
15,Jr   ,16:56,2015
16,So   ,16:57,2015
17,Sr   ,16:58,2015
18,Fr   ,16:58,2015
19,So   ,16:59,2015
20,Jr   ,17:03,2015
21,So   ,17:03,2015
22,Jr   ,17:04,2015
23,Jr   ,17:05,2015
24,Sr   ,17:13,2015
25,Sr   ,17:16,2015
26,Fr   ,17:17,2015
27,Jr   ,17:18,2015
28,So   ,17:23,2015
29,Jr   ,17:24,2015
30,Sr   ,17:26,2015
31,So   ,17:27,2015
32,So   ,17:29,2015
33,So   ,17:29,2015
34,Sr   ,17:29,2015
35,Jr   ,17:31,2015
36,Jr   ,17:32,2015
37,Sr   ,17:34,2015
38,Sr   ,17:34,2015
39,Fr   ,17:36,2015
40,Sr   ,17:37,2015
41,Jr   ,17:37,2015
42,Jr   ,17:37,2015
43,Jr   ,17:37,2015
44,So   ,17:38,2015
45,Sr   ,17:38,2015
46,Fr   ,17:39,2015
47,Sr   ,17:39,2015
48,So   ,17:39,2015
49,Fr   ,17:39,2015
50,Sr   ,17:40,2015
51,Jr   ,17:41,2015
52,Fr   ,17:42,2015
53,Sr   ,17:42,2015
54,So   ,17:42,2015
55,Jr   ,17:44,2015
56,Sr   ,17:44,2015
57,Sr   ,17:45,2015
58,Fr   ,17:45,2015
59,Jr   ,17:46,2015
60,Sr   ,17:47,2015
61,Jr   ,17:47,2015
62,Jr   ,17:49,2015
63,Sr   ,17:49,2015
64,Fr   ,17:50,2015
65,Jr   ,17:50,2015
66,Fr   ,17:51,2015
67,Sr   ,17:51,2015
68,Fr   ,17:51,2015
69,So   ,17:53,2015
70,Jr   ,17:55,2015
71,Jr   ,17:55,2015
72,Sr   ,17:56,2015
73,Fr   ,17:56,2015
74,So   ,17:57,2015
75,Jr   ,17:57,2015
76,Fr   ,17:57,2015
77,Jr   ,17:59,2015
78,Sr   ,17:59,2015
79,Jr   ,18:00,2015
80,Jr   ,18:02,2015
81,Sr   ,18:02,2015
82,Sr   ,18:02,2015
83,Sr   ,18:03,2015
84,So   ,18:03,2015
85,Fr   ,18:04,2015
86,Jr   ,18:04,2015
87,Sr   ,18:04,2015
88,Jr   ,18:05,2015
89,Jr   ,18:05,2015
90,So   ,18:06,2015
91,Fr   ,18:06,2015
92,Jr   ,18:07,2015
93,Sr   ,18:07,2015
94,Sr   ,18:08,2015
95,So   ,18:09,2015
96,Fr   ,18:09,2015
97,Sr   ,18:09,2015
98,Fr   ,18:10,2015
99,So   ,18:11,2015
100,Jr   ,18:11,2015
101,So   ,18:12,2015
102,So   ,18:12,2015
103,Jr   ,18:13,2015
104,Sr   ,18:14,2015
105,Jr   ,18:15,2015
106,Fr   ,18:16,2015
107,Jr   ,18:16,2015
108,Sr   ,18:16,2015
109,Jr   ,18:17,2015
110,Sr   ,18:17,2015
111,Jr   ,18:17,2015
112,So   ,18:18,2015
113,Sr   ,18:18,2015
114,So   ,18:19,2015
115,So   ,18:20,2015
116,So   ,18:20,2015
117,Fr   ,18:20,2015
118,Fr   ,18:21,2015
119,So   ,18:21,2015
120,Jr   ,18:21,2015
121,Fr   ,18:21,2015
122,Sr   ,18:22,2015
123,Jr   ,18:23,2015
124,Sr   ,18:24,2015
125,Jr   ,18:25,2015
126,Sr   ,18:26,2015
127,Jr   ,18:26,2015
128,Fr   ,18:26,2015
129,Jr   ,18:27,2015
130,Sr   ,18:27,2015
131,So   ,18:28,2015
132,Jr   ,18:30,2015
133,Sr   ,18:30,2015
134,Jr   ,18:30,2015
135,Fr   ,18:31,2015
136,So   ,18:32,2015
137,Fr   ,18:32,2015
138,Sr   ,18:32,2015
139,Jr   ,18:33,2015
140,Fr   ,18:34,2015
141,Sr   ,18:34,2015
142,Sr   ,18:35,2015
143,Sr   ,18:35,2015
144,Jr   ,18:36,2015
145,Sr   ,18:37,2015
146,So   ,18:37,2015
147,Fr   ,18:37,2015
148,So   ,18:37,2015
149,Jr   ,18:38,2015
150,Sr   ,18:39,2015
151,Fr   ,18:39,2015
152,Sr   ,18:40,2015
153,Fr   ,18:40,2015
154,Jr   ,18:40,2015
155,So   ,18:41,2015
156,Fr   ,18:41,2015
157,So   ,18:41,2015
158,Jr   ,18:43,2015
159,Sr   ,18:44,2015
160,Sr   ,18:44,2015
161,Sr   ,18:44,2015
162,Sr   ,18:45,2015
163,So   ,18:46,2015
164,Sr   ,18:47,2015
165,Sr   ,18:47,2015
166,So   ,18:48,2015
167,Jr   ,18:48,2015
168,Sr   ,18:48,2015
169,Sr   ,18:49,2015
170,So   ,18:49,2015
171,Sr   ,18:49,2015
172,Sr   ,18:50,2015
173,Jr   ,18:51,2015
174,Sr   ,18:51,2015
175,So   ,18:52,2015
176,Fr   ,18:52,2015
177,Fr   ,18:52,2015
178,Fr   ,18:54,2015
179,Jr   ,18:55,2015
180,Jr   ,18:55,2015
181,So   ,18:56,2015
182,So   ,18:57,2015
183,Fr   ,18:57,2015
184,So   ,18:57,2015
185,So   ,18:58,2015
186,So   ,18:59,2015
187,Jr   ,19:00,2015
188,Fr   ,19:00,2015
189,Jr   ,19:02,2015
190,Fr   ,19:03,2015
191,Jr   ,19:03,2015
192,So   ,19:04,2015
193,Sr   ,19:04,2015
194,Sr   ,19:06,2015
195,Sr   ,19:10,2015
196,Fr   ,19:12,2015
197,Fr   ,19:15,2015
198,Sr   ,19:17,2015
199,Sr   ,19:18,2015
200,Jr   ,19:21,2015
201,Jr   ,19:22,2015
202,Fr   ,19:22,2015
203,Sr   ,19:23,2015
204,So   ,19:27,2015
205,Jr   ,19:29,2015
206,Sr   ,19:33,2015
207,So   ,19:43,2015
208,Fr   ,19:46,2015
209,Sr   ,19:47,2015
210,So   ,19:59,2015
211,Sr   ,20:04,2015
212,Sr   ,20:12,2015
213,Fr   ,20:19,2015
214,Jr   ,20:21,2015
215,Jr   ,20:42,2015
216,Jr   ,21:14,2015
217,Sr   ,22:00,2015
1,Fr   ,16:31,2016
2,Jr   ,16:34,2016
3,Jr   ,16:42,2016
4,Sr   ,16:48,2016
5,Sr   ,16:49,2016
6,Jr   ,16:51,2016
7,Jr   ,16:55,2016
8,Jr   ,16:56,2016
9,So   ,17:01,2016
10,Sr   ,17:03,2016
11,So   ,17:03,2016
12,Jr   ,17:03,2016
13,So   ,17:04,2016
14,So   ,17:05,2016
15,Sr   ,17:06,2016
16,So   ,17:10,2016
17,Sr   ,17:12,2016
18,Jr   ,17:14,2016
19,So   ,17:15,2016
20,Sr   ,17:15,2016
21,So   ,17:17,2016
22,Sr   ,17:18,2016
23,So   ,17:20,2016
24,Sr   ,17:21,2016
25,Sr   ,17:23,2016
26,So   ,17:23,2016
27,Sr   ,17:23,2016
28,Sr   ,17:24,2016
29,So   ,17:25,2016
30,Jr   ,17:26,2016
31,Jr   ,17:27,2016
32,Jr   ,17:28,2016
33,Jr   ,17:28,2016
34,Sr   ,17:28,2016
35,Sr   ,17:30,2016
36,Sr   ,17:32,2016
37,Sr   ,17:34,2016
38,Fr   ,17:36,2016
39,Sr   ,17:36,2016
40,Sr   ,17:39,2016
41,Jr   ,17:39,2016
42,Jr   ,17:39,2016
43,So   ,17:40,2016
44,Sr   ,17:41,2016
45,Sr   ,17:41,2016
46,So   ,17:42,2016
47,So   ,17:43,2016
48,Jr   ,17:43,2016
49,So   ,17:43,2016
50,Sr   ,17:44,2016
51,Sr   ,17:48,2016
52,Fr   ,17:48,2016
53,So   ,17:50,2016
54,Sr   ,17:51,2016
55,Jr   ,17:52,2016
56,Sr   ,17:52,2016
57,Sr   ,17:53,2016
58,Sr   ,17:53,2016
59,Sr   ,17:54,2016
60,So   ,17:56,2016
61,Sr   ,17:56,2016
62,Jr   ,17:57,2016
63,So   ,17:57,2016
64,Jr   ,17:58,2016
65,So   ,18:00,2016
66,So   ,18:00,2016
67,So   ,18:01,2016
68,Jr   ,18:01,2016
69,Sr   ,18:01,2016
70,Jr   ,18:03,2016
71,Jr   ,18:04,2016
72,Fr   ,18:04,2016
73,Fr   ,18:04,2016
74,Jr   ,18:05,2016
75,So   ,18:05,2016
76,Sr   ,18:05,2016
77,Jr   ,18:06,2016
78,Jr   ,18:08,2016
79,Fr   ,18:09,2016
80,Jr   ,18:09,2016
81,Sr   ,18:10,2016
82,So   ,18:10,2016
83,Jr   ,18:11,2016
84,So   ,18:11,2016
85,Fr   ,18:11,2016
86,Jr   ,18:13,2016
87,Fr   ,18:14,2016
88,Sr   ,18:16,2016
89,Sr   ,18:16,2016
90,So   ,18:17,2016
91,Jr   ,18:17,2016
92,So   ,18:18,2016
93,Sr   ,18:19,2016
94,So   ,18:19,2016
95,Jr   ,18:19,2016
96,Jr   ,18:19,2016
97,Fr   ,18:20,2016
98,So   ,18:20,2016
99,So   ,18:20,2016
100,Fr   ,18:20,2016
101,Jr   ,18:20,2016
102,So   ,18:23,2016
103,Sr   ,18:24,2016
104,Fr   ,18:25,2016
105,So   ,18:26,2016
106,So   ,18:27,2016
107,Fr   ,18:27,2016
108,Sr   ,18:27,2016
109,So   ,18:28,2016
110,So   ,18:28,2016
111,So   ,18:28,2016
112,Jr   ,18:28,2016
113,So   ,18:29,2016
114,Fr   ,18:29,2016
115,Sr   ,18:29,2016
116,Sr   ,18:30,2016
117,Jr   ,18:30,2016
118,Sr   ,18:31,2016
119,Jr   ,18:31,2016
120,Jr   ,18:32,2016
121,Fr   ,18:32,2016
122,So   ,18:33,2016
123,Jr   ,18:35,2016
124,Jr   ,18:36,2016
125,Sr   ,18:37,2016
126,So   ,18:38,2016
127,So   ,18:38,2016
128,Fr   ,18:38,2016
129,Sr   ,18:38,2016
130,Jr   ,18:38,2016
131,So   ,18:39,2016
132,Jr   ,18:39,2016
133,Jr   ,18:40,2016
134,Jr   ,18:40,2016
135,Sr   ,18:41,2016
136,Sr   ,18:41,2016
137,So   ,18:42,2016
138,Sr   ,18:42,2016
139,Jr   ,18:43,2016
140,Sr   ,18:43,2016
141,So   ,18:43,2016
142,Sr   ,18:44,2016
143,Jr   ,18:44,2016
144,Fr   ,18:44,2016
145,Fr   ,18:46,2016
146,Sr   ,18:46,2016
147,Sr   ,18:47,2016
148,Fr   ,18:47,2016
149,Sr   ,18:48,2016
150,Fr   ,18:48,2016
151,Jr   ,18:49,2016
152,So   ,18:49,2016
153,Fr   ,18:50,2016
154,Fr   ,18:51,2016
155,Sr   ,18:52,2016
156,So   ,18:52,2016
157,So   ,18:52,2016
158,Jr   ,18:54,2016
159,Fr   ,18:54,2016
160,Sr   ,18:55,2016
161,Sr   ,18:55,2016
162,So   ,18:56,2016
163,So   ,18:56,2016
164,So   ,18:57,2016
165,So   ,18:57,2016
166,So   ,18:59,2016
167,Jr   ,19:01,2016
168,Fr   ,19:01,2016
169,So   ,19:02,2016
170,So   ,19:02,2016
171,So   ,19:03,2016
172,So   ,19:04,2016
173,Sr   ,19:07,2016
174,Sr   ,19:09,2016
175,Fr   ,19:09,2016
176,Fr   ,19:10,2016
177,Jr   ,19:10,2016
178,Sr   ,19:10,2016
179,So   ,19:12,2016
180,Fr   ,19:13,2016
181,So   ,19:13,2016
182,Sr   ,19:15,2016
183,Fr   ,19:16,2016
184,So   ,19:17,2016
185,Sr   ,19:19,2016
186,Fr   ,19:21,2016
187,Fr   ,19:21,2016
188,Jr   ,19:22,2016
189,Fr   ,19:25,2016
190,Sr   ,19:26,2016
191,Fr   ,19:27,2016
192,Jr   ,19:28,2016
193,Sr   ,19:29,2016
194,Fr   ,19:30,2016
195,Jr   ,19:34,2016
196,Sr   ,19:34,2016
197,Sr   ,19:36,2016
198,Sr   ,19:37,2016
199,Sr   ,19:39,2016
200,Sr   ,19:41,2016
201,Sr   ,19:46,2016
202,Jr   ,19:50,2016
203,Fr   ,20:02,2016
204,So   ,20:03,2016
205,Jr   ,20:05,2016
206,Jr   ,20:12,2016
207,Sr   ,20:15,2016
208,Jr   ,20:24,2016
209,Jr   ,20:40,2016
210,So  ,21:09,2016
1,So   ,16:22,2017
2,Sr   ,16:30,2017
3,Sr   ,16:30,2017
4,Sr   ,16:33,2017
5,Sr   ,16:38,2017
6,So   ,16:39,2017
7,Jr   ,16:41,2017
8,Sr   ,16:44,2017
9,Sr   ,16:54,2017
10,Sr   ,16:58,2017
11,Fr   ,17:01,2017
12,Sr   ,17:03,2017
13,So   ,17:04,2017
14,Sr   ,17:04,2017
15,Sr   ,17:05,2017
16,Jr   ,17:05,2017
17,Fr   ,17:05,2017
18,Sr   ,17:05,2017
19,So   ,17:08,2017
20,So   ,17:09,2017
21,Fr   ,17:10,2017
22,Jr   ,17:12,2017
23,Sr   ,17:19,2017
24,So   ,17:23,2017
25,Fr   ,17:24,2017
26,Jr   ,17:27,2017
27,Jr   ,17:31,2017
28,Fr   ,17:31,2017
29,Jr   ,17:35,2017
30,So   ,17:35,2017
31,Jr   ,17:36,2017
32,Jr   ,17:38,2017
33,Sr   ,17:38,2017
34,Sr   ,17:39,2017
35,Jr   ,17:40,2017
36,Jr   ,17:40,2017
37,Sr   ,17:40,2017
38,Fr   ,17:41,2017
39,Jr   ,17:42,2017
40,Sr   ,17:45,2017
41,Sr   ,17:45,2017
42,Sr   ,17:46,2017
43,Jr   ,17:47,2017
44,So   ,17:47,2017
45,So   ,17:47,2017
46,Fr   ,17:48,2017
47,Sr   ,17:49,2017
48,Jr   ,17:49,2017
49,So   ,17:49,2017
50,Sr   ,17:49,2017
51,So   ,17:50,2017
52,Jr   ,17:51,2017
53,Fr   ,17:51,2017
54,Jr   ,17:52,2017
55,So   ,17:52,2017
56,Sr   ,17:52,2017
57,So   ,17:52,2017
58,Fr   ,17:53,2017
59,So   ,17:53,2017
60,Fr   ,17:53,2017
61,Fr   ,17:53,2017
62,So   ,17:54,2017
63,So   ,17:54,2017
64,Jr   ,17:55,2017
65,Jr   ,17:55,2017
66,Sr   ,17:55,2017
67,Jr   ,17:55,2017
68,Fr   ,17:56,2017
69,Fr   ,17:56,2017
70,Sr   ,17:57,2017
71,Fr   ,17:58,2017
72,Fr   ,17:58,2017
73,Fr   ,17:59,2017
74,So   ,17:59,2017
75,Fr   ,17:59,2017
76,Jr   ,18:00,2017
77,Jr   ,18:01,2017
78,So   ,18:01,2017
79,Jr   ,18:01,2017
80,Fr   ,18:03,2017
81,Fr   ,18:04,2017
82,Jr   ,18:04,2017
83,Jr   ,18:04,2017
84,Jr   ,18:05,2017
85,Jr   ,18:06,2017
86,Jr   ,18:06,2017
87,Jr   ,18:06,2017
88,Sr   ,18:07,2017
89,Sr   ,18:08,2017
90,Sr   ,18:08,2017
91,So   ,18:08,2017
92,Fr   ,18:08,2017
93,Jr   ,18:08,2017
94,So   ,18:09,2017
95,Fr   ,18:09,2017
96,Sr   ,18:09,2017
97,Jr   ,18:10,2017
98,Fr   ,18:10,2017
99,Jr   ,18:11,2017
100,Sr   ,18:11,2017
101,Jr   ,18:11,2017
102,So   ,18:11,2017
103,So   ,18:13,2017
104,Jr   ,18:13,2017
105,Fr   ,18:15,2017
106,Fr   ,18:15,2017
107,Jr   ,18:16,2017
108,So   ,18:16,2017
109,So   ,18:17,2017
110,Sr   ,18:17,2017
111,Fr   ,18:18,2017
112,Sr   ,18:19,2017
113,Fr   ,18:19,2017
114,Sr   ,18:19,2017
115,Sr   ,18:19,2017
116,Sr   ,18:19,2017
117,So   ,18:20,2017
118,Fr   ,18:20,2017
119,Sr   ,18:20,2017
120,Sr   ,18:20,2017
121,So   ,18:21,2017
122,Jr   ,18:22,2017
123,Fr   ,18:22,2017
124,So   ,18:22,2017
125,Fr   ,18:24,2017
126,Jr   ,18:24,2017
127,Sr   ,18:25,2017
128,Jr   ,18:26,2017
129,Jr   ,18:26,2017
130,So   ,18:26,2017
131,Jr   ,18:27,2017
132,So   ,18:27,2017
133,Sr   ,18:27,2017
134,So   ,18:28,2017
135,Fr   ,18:28,2017
136,So   ,18:28,2017
137,So   ,18:28,2017
138,So   ,18:28,2017
139,So   ,18:29,2017
140,Jr   ,18:29,2017
141,Jr   ,18:29,2017
142,Sr   ,18:30,2017
143,Jr   ,18:31,2017
144,So   ,18:31,2017
145,Sr   ,18:33,2017
146,Sr   ,18:34,2017
147,So   ,18:34,2017
148,Jr   ,18:34,2017
149,So   ,18:35,2017
150,Sr   ,18:35,2017
151,Sr   ,18:36,2017
152,Sr   ,18:37,2017
153,Fr   ,18:37,2017
154,Sr   ,18:37,2017
155,So   ,18:37,2017
156,Sr   ,18:38,2017
157,Jr   ,18:40,2017
158,Sr   ,18:41,2017
159,So   ,18:42,2017
160,So   ,18:42,2017
161,Jr   ,18:43,2017
162,So   ,18:43,2017
163,Sr   ,18:44,2017
164,So   ,18:44,2017
165,Sr   ,18:46,2017
166,Sr   ,18:46,2017
167,Jr   ,18:46,2017
168,So   ,18:47,2017
169,Jr   ,18:47,2017
170,Fr   ,18:47,2017
171,Fr   ,18:49,2017
172,So   ,18:51,2017
173,Fr   ,18:51,2017
174,Jr   ,18:51,2017
175,Jr   ,18:51,2017
176,Jr   ,18:51,2017
177,Sr   ,18:52,2017
178,Sr   ,18:54,2017
179,Jr   ,18:59,2017
180,Jr   ,19:01,2017
181,So   ,19:01,2017
182,Jr   ,19:03,2017
183,Jr   ,19:04,2017
184,Sr   ,19:04,2017
185,So   ,19:04,2017
186,Sr   ,19:05,2017
187,Sr   ,19:07,2017
188,Sr   ,19:09,2017
189,So   ,19:11,2017
190,Sr   ,19:14,2017
191,Sr   ,19:15,2017
192,Jr   ,19:15,2017
193,So   ,19:16,2017
194,Jr   ,19:19,2017
195,So   ,19:20,2017
196,Sr   ,19:21,2017
197,Sr   ,19:22,2017
198,Jr   ,19:22,2017
199,Fr   ,19:23,2017
200,Sr   ,19:23,2017
201,Sr   ,19:25,2017
202,Jr   ,19:27,2017
203,Jr   ,19:28,2017
204,Jr   ,19:31,2017
205,So   ,19:38,2017
206,Jr   ,19:48,2017
207,Jr   ,19:53,2017
208,So   ,19:56,2017
209,Fr   ,20:16,2017
210,Sr   ,20:23,2017
1,Jr,15:59.8,2018
2,Fr,16:07.3,2018
3,Sr,16:10.4,2018
4,Fr,16:33.1,2018
5,So,16:35.5,2018
6,Sr,16:37.9,2018
7,So,16:39.3,2018
8,Jr,16:40.1,2018
9,So,16:40.3,2018
10,Jr,16:42.7,2018
11,Jr,16:45.9,2018
12,Fr,16:46.0,2018
13,Sr,16:46.8,2018
14,Jr,16:46.8,2018
15,Sr,16:59.7,2018
16,So,17:00.1,2018
17,Sr,17:00.6,2018
18,Fr,17:01.1,2018
19,So,17:01.6,2018
20,Sr,17:02.1,2018
21,So,17:03.5,2018
22,Jr,17:05.7,2018
23,Fr,17:06.4,2018
24,Jr,17:07.5,2018
25,So,17:08.5,2018
26,So,17:09.6,2018
27,Jr,17:10.2,2018
28,Fr,17:12.1,2018
29,Sr,17:15.1,2018
30,So,17:15.6,2018
31,Sr,17:15.8,2018
32,So,17:17.9,2018
33,Sr,17:18.1,2018
34,Sr,17:18.1,2018
35,Jr,17:19.3,2018
36,Sr,17:22.3,2018
37,Sr,17:23.0,2018
38,Sr,17:25.2,2018
39,Jr,17:26.0,2018
40,Jr,17:28.4,2018
41,Jr,17:29.7,2018
42,Fr,17:29.9,2018
43,Jr,17:33.4,2018
44,Sr,17:33.8,2018
45,Sr,17:34.6,2018
46,So,17:35.1,2018
47,Fr,17:35.2,2018
48,Jr,17:35.8,2018
49,So,17:36.7,2018
50,Jr,17:36.9,2018
51,Jr,17:37.5,2018
52,So,17:38.3,2018
53,Sr,17:39.4,2018
54,Sr,17:41.2,2018
55,Sr,17:41.7,2018
56,So,17:44.5,2018
57,So,17:45.8,2018
58,Jr,17:46.9,2018
59,Jr,17:47.1,2018
60,Sr,17:47.6,2018
61,Sr,17:47.7,2018
62,Fr,17:48.3,2018
63,Sr,17:48.3,2018
64,So,17:49.2,2018
65,Fr,17:50.6,2018
66,Sr,17:50.9,2018
67,Fr,17:51.4,2018
68,Sr,17:52.9,2018
69,Fr,17:55.9,2018
70,Sr,17:56.4,2018
71,Sr,17:56.5,2018
72,Sr,17:57.0,2018
73,Sr,17:58.3,2018
74,So,17:59.0,2018
75,Sr,17:59.4,2018
76,So,17:59.8,2018
77,Sr,17:59.8,2018
78,Fr,18:00.8,2018
79,Fr,18:01.8,2018
80,Fr,18:02.1,2018
81,Fr,18:02.7,2018
82,Fr,18:02.7,2018
83,Sr,18:03.4,2018
84,Jr,18:03.8,2018
85,So,18:04.4,2018
86,Sr,18:05.5,2018
87,So,18:06.6,2018
88,Sr,18:06.9,2018
89,Fr,18:07.1,2018
90,Sr,18:07.2,2018
91,So,18:07.3,2018
92,Jr,18:07.6,2018
93,So,18:09.2,2018
94,So,18:09.3,2018
95,Sr,18:09.4,2018
96,So,18:09.6,2018
97,Sr,18:09.8,2018
98,So,18:10.3,2018
99,Fr,18:10.5,2018
100,Fr,18:11.2,2018
101,Jr,18:12.2,2018
102,Sr,18:12.2,2018
103,Jr,18:12.4,2018
104,Sr,18:13.1,2018
105,So,18:13.2,2018
106,So,18:14.0,2018
107,So,18:14.1,2018
108,Sr,18:14.6,2018
109,Jr,18:16.1,2018
110,Sr,18:16.2,2018
111,So,18:16.3,2018
112,Jr,18:16.5,2018
113,Fr,18:16.7,2018
114,So,18:17.0,2018
115,Fr,18:18.4,2018
116,Jr,18:18.5,2018
117,Sr,18:18.5,2018
118,Sr,18:19.1,2018
119,Jr,18:19.6,2018
120,Fr,18:19.7,2018
121,So,18:20.3,2018
122,Sr,18:20.5,2018
123,So,18:20.5,2018
124,Fr,18:20.6,2018
125,So,18:21.3,2018
126,Jr,18:22.3,2018
127,Jr,18:22.7,2018
128,Fr,18:22.7,2018
129,Jr,18:22.7,2018
130,Sr,18:24.0,2018
131,Sr,18:25.6,2018
132,Sr,18:25.9,2018
133,Sr,18:26.0,2018
134,So,18:26.3,2018
135,Jr,18:26.8,2018
136,Fr,18:27.5,2018
137,Sr,18:28.8,2018
138,Sr,18:30.0,2018
139,Jr,18:30.2,2018
140,Jr,18:31.1,2018
141,Fr,18:31.8,2018
142,Sr,18:31.9,2018
143,Jr,18:33.1,2018
144,Fr,18:33.7,2018
145,Sr,18:34.4,2018
146,Sr,18:34.8,2018
147,Fr,18:35.4,2018
148,Sr,18:35.5,2018
149,So,18:36.0,2018
150,Jr,18:36.6,2018
151,So,18:37.5,2018
152,So,18:37.6,2018
153,Sr,18:38.0,2018
154,Fr,18:38.4,2018
155,Fr,18:38.9,2018
156,Fr,18:39.3,2018
157,Jr,18:40.1,2018
158,Fr,18:40.1,2018
159,Fr,18:41.1,2018
160,Sr,18:42.3,2018
161,Jr,18:42.6,2018
162,So,18:43.4,2018
163,Sr,18:44.5,2018
164,Fr,18:45.3,2018
165,Jr,18:45.5,2018
166,Jr,18:46.5,2018
167,Jr,18:47.1,2018
168,Sr,18:47.4,2018
169,Fr,18:49.7,2018
170,Fr,18:50.2,2018
171,Fr,18:52.0,2018
172,Jr,18:52.4,2018
173,Jr,18:53.6,2018
174,Jr,18:53.6,2018
175,Jr,18:54.3,2018
176,So,18:55.6,2018
177,Fr,18:55.7,2018
178,Jr,18:56.4,2018
179,Sr,18:59.4,2018
180,So,19:00.9,2018
181,Fr,19:01.1,2018
182,Jr,19:01.6,2018
183,Sr,19:01.9,2018
184,So,19:02.0,2018
185,So,19:04.7,2018
186,Jr,19:05.7,2018
187,Sr,19:06.0,2018
188,So,19:08.2,2018
189,Fr,19:09.5,2018
190,Jr,19:10.0,2018
191,Sr,19:12.5,2018
192,Sr,19:15.8,2018
193,Fr,19:17.2,2018
194,Jr,19:18.2,2018
195,Jr,19:18.3,2018
196,Jr,19:19.9,2018
197,So,19:20.0,2018
198,Sr,19:21.7,2018
199,Sr,19:23.2,2018
200,Jr,19:24.6,2018
201,So,19:26.0,2018
202,Sr,19:26.6,2018
203,Jr,19:29.3,2018
204,Jr,19:31.6,2018
205,Sr,19:33.7,2018
206,Sr,19:43.9,2018
207,Sr,19:48.9,2018
208,So,19:51.4,2018
209,Jr,20:13.2,2018
